<?xml version="1.0" encoding="UTF-8" ?>  
  
<!DOCTYPE struts PUBLIC  
    "-//Apache Software Foundation//DTD Struts Configuration 2.3//EN"  
    "http://struts.apache.org/dtds/struts-2.3.dtd">  
  
<struts>  
  
    <constant name="struts.i18n.reload" value="false" />  
    <constant name="struts.devMode" value="false" />  
     
    <include file="struts-default.xml" />  
  
    <package name="default" extends="struts-default" namespace="/">  
  
        <action name="login" class="edu.cn.LoginAction">  
            <result name="success">index.jsp</result>  
            <result name="login">login.jsp</result>  
        </action>  
  
    </package>  
  
</struts>  